team,games_played,winrate,avg_gold_diff,avg_gold_diff_at14,avg_game_time,median_game_time
Astralis,42,0.40476190476190477,-2857.1428571428573,-217.1904761904762,1822.9761904761904,1802.5
Fnatic,151,0.543046357615894,1151.6556291390727,35.04,1906.4635761589404,1871.0
G2 Esports,164,0.7439024390243902,5535.975609756098,910.1829268292682,1860.8292682926829,1838.5
GIANTX,100,0.35,-3351.0,-928.75,1932.06,1890.5
Karmine Corp,39,0.358974358974359,-3353.846153846154,-484.0769230769231,1995.4871794871794,1925.0
Movistar KOI,210,0.4666666666666667,-833.3333333333334,268.0817307692308,1894.8190476190475,1834.0
Natus Vincere,29,0.2413793103448276,-5613.793103448276,-370.8965517241379,1989.6896551724137,1949.0
SK Gaming,104,0.46153846153846156,-1207.6923076923076,-230.875,1920.1826923076924,1891.5
Team BDS,145,0.5586206896551724,732.4137931034483,-260.6965517241379,1983.4344827586208,1962.0
Team Heretics,89,0.4157303370786517,-1443.8202247191011,-532.5168539325842,1954.314606741573,1896.0
Team Vitality,91,0.45054945054945056,-112.08791208791209,339.4555555555556,1921.4835164835165,1858.0
